[
  {
    "name":"Barot Bellingham",
    "link":"http://myloan.com/barot",
    "location":"94026"
  },
  {
    "name":"Jonathan Ferrar",
    "link":"http://myloan.com/jonath",
    "location":"94040"
  },
  {
    "name":"Hillary Hewitt Goldwynn-Post",
    "link":"http://myloan.com/hil",
    "location":"97034"
  },
  {
    "name":"Hassum Harrod",
    "link":"http://myloan.com/harrod",
    "location":"90210"
  },
  {
    "name":"Jennifer Jerome",
    "link":"http://myloan.com/jerom",
    "location":"90210"
  },
  {
    "name":"Constance_Smith",
    "link":"http://myloan.com/smith",
    "location":"97330"
  },
  {
    "name":"Xhou Ta",
    "link":"http://myloan.com/xhou",
    "location":"97330"
  }
]